dimensions	qtd	punit
PMP186	Hotel H10 Palácio da  Anunciada	175311	UTAN A1- Insuflação 	UTA
PMP186	Hotel H10 Palácio da  Anunciada	175311	UTAN A1- Insuflação 	UTA
PMP186	Hotel H10 Palácio da  Anunciada	175141	UTAN-B-VE 	UTA
PMP186	Hotel H10 Palácio da  Anunciada	175141	UTAN-B-VE 	UTA
PMP186	Hotel H10 Palácio da  Anunciada	H10A. 002	Desumidificadores Piscina / SPA	UTA
PMP186	Hotel H10 Palácio da  Anunciada	175227	VI recepção / CPF	VAN
PMP186	Hotel H10 Palácio da  Anunciada	CECOMP	Comp. Hotte Cozinha	VAN 
PMP186	Hotel H10 Palácio da  Anunciada	-	VI SPA	VAN 
PMP186	Hotel H10 Palácio da  Anunciada	-	VI Lobby	VAN 
PMP186	Hotel H10 Palácio da  Anunciada	-	VI Lobby	VAN 
PMP186	Hotel H10 Palácio da  Anunciada	-	Filtros Quartos 	AC Interior 
